ReactiveX/RxJava,29439,5090
iluwatar/java-design-patterns,27552,2556
elastic/elasticsearch,27347,371
square/retrofit,25399,3354
square/okhttp,24038,8320
google/guava,20858,1749
PhilJay/MPAndroidChart,19563,0
JetBrains/kotlin,19554,0
JakeWharton/butterknife,19418,1467
bumptech/glide,19257,1096
spring-projects/spring-boot,18682,12887
spring-projects/spring-framework,18016,0
square/leakcanary,17819,738
airbnb/lottie-android,17613,966
greenrobot/EventBus,16750,310
zxing/zxing,16680,803
kdn251/interviews,16677,0
nostra13/Android-Universal-Image-Loader,15859,513
google/iosched,15206,240
Blankj/AndroidUtilCode,14984,362
square/picasso,14662,1415
ReactiveX/RxAndroid,14585,774
alibaba/dubbo,14512,692
facebook/fresco,13844,0
libgdx/libgdx,13052,0
netty/netty,12075,41
chrisbanes/PhotoView,12044,172
Netflix/Hystrix,11969,1390
afollestad/material-dialogs,11915,422
alibaba/fastjson,11839,2201
CymChad/BaseRecyclerViewAdapterHelper,11340,707
jfeinstein10/SlidingMenu,10814,0
Tencent/tinker,10788,0
lgvalle/Material-Animations,10715,0
android10/Android-CleanArchitecture,10491,228
nickbutcher/plaid,10242,0
loopj/android-async-http,10092,532
androidannotations/androidannotations,9933,1565
JakeWharton/ViewPagerIndicator,9509,105
daimajia/AndroidSwipeLayout,9327,327
greenrobot/greenDAO,9177,468
pockethub/PocketHub,9111,1293
alibaba/druid,9079,287
nathanmarz/storm,9060,0
facebook/stetho,8931,870
realm/realm-java,8884,0
googlesamples/android-UniversalMusicPlayer,8743,0
SeleniumHQ/selenium,8734,3278
daimajia/AndroidViewAnimations,8706,129
hdodenhof/CircleImageView,8653,0
liaohuqiu/android-Ultra-Pull-To-Refresh,8651,159
DrKLO/Telegram,8628,0
mikepenz/MaterialDrawer,8622,872
google/ExoPlayer,8571,0
chrisbanes/Android-PullToRefresh,8537,0
WhisperSystems/Signal-Android,8532,0
navasmdc/MaterialDesignLibrary,8528,0
winterbe/java8-tutorial,8382,0
scwang90/SmartRefreshLayout,8363,0
ksoichiro/Android-ObservableScrollView,8361,211
EnterpriseQualityCoding/FizzBuzzEnterpriseEdition,8342,147
orhanobut/logger,8110,61
deeplearning4j/deeplearning4j,7904,3157
bazelbuild/bazel,7796,194
HannahMitt/HomeMirror,7739,0
roughike/BottomBar,7489,268
JakeWharton/ActionBarSherlock,7347,271
wasabeef/recyclerview-animators,7283,181
openzipkin/zipkin,7238,6463
chrisbanes/cheesesquare,7222,0
chrisjenx/Calligraphy,7216,0
apl-devs/AppIntro,7176,0
aosp-mirror/platform_frameworks_base,7080,0
eclipse/vert.x,7056,0
umano/AndroidSlidingUpPanel,7045,0
perwendel/spark,6941,1147
apache/kafka,6916,0
google/agera,6911,392
alibaba/vlayout,6906,0
florent37/MaterialViewPager,6868,269
prestodb/presto,6860,28665
LMAX-Exchange/disruptor,6850,0
clojure/clojure,6844,0
Freelander/Android_Data,6819,0
JackyAndroid/AndroidInterview-Q-A,6817,0
JakeWharton/RxBinding,6681,999
junit-team/junit4,6600,1130
square/dagger,6573,1073
Curzibn/Luban,6501,40
Tencent/VasSonic,6461,0
jeasonlzy/okhttp-OkGo,6429,0
shuzheng/zheng,6403,51
81813780/AVLoadingIndicatorView,6395,0
Bearded-Hen/Android-Bootstrap,6389,0
astuetz/PagerSlidingTabStrip,6368,0
Yalantis/uCrop,6356,0
mybatis/mybatis-3,6344,1479
skylot/jadx,6303,371
permissions-dispatcher/PermissionsDispatcher,6293,752
Bilibili/DanmakuFlameMaster,6228,575
cymcsg/UltimateRecyclerView,6221,408
dropwizard/dropwizard,6219,4369
Netflix/SimianArmy,6042,101
kaushikgopal/RxJava-Android-Samples,6038,0
Bigkoo/Android-PickerView,6030,0
xetorthio/jedis,6001,2147
google/physical-web,5990,1372
google/guice,5973,373
hongyangAndroid/okhttputils,5960,0
google/auto,5940,866
gradle/gradle,5922,4559
druid-io/druid,5823,14348
mockito/mockito,5781,3169
zhihu/Matisse,5771,204
hongyangAndroid/AndroidAutoLayout,5764,0
googlesamples/android-architecture-components,5756,0
code4craft/webmagic,5747,966
brettwooldridge/HikariCP,5701,2756
nhaarman/ListViewAnimations,5646,347
lingochamp/FileDownloader,5639,477
lipangit/JiaoZiVideoPlayer,5612,0
JakeWharton/hugo,5595,137
wix/react-native-navigation,5529,3224
koush/ion,5521,0
koral--/android-gif-drawable,5484,854
iBotPeaches/Apktool,5448,517
alibaba/atlas,5440,0
geeeeeeeeek/WeChatLuckyMoney,5432,170
H07000223/FlycoTabLayout,5429,0
aritraroy/UltimateAndroidReference,5417,0
rzwitserloot/lombok,5403,0
dropwizard/metrics,5383,1765
pedrovgs/EffectiveAndroidUI,5357,48
facebook/buck,5354,6822
DroidPluginTeam/DroidPlugin,5351,0
pedant/sweet-alert-dialog,5343,0
jhy/jsoup,5320,606
lecho/hellocharts-android,5264,0
rey5137/material,5258,0
JetBrains/intellij-community,5245,0
futuresimple/android-floating-action-button,5201,0
JakeWharton/u2020,5193,858
wasabeef/glide-transformations,5190,0
tbruyelle/RxPermissions,5183,282
evant/gradle-retrolambda,5170,0
emilsjolander/StickyListHeaders,5144,0
springside/springside4,5111,451
amlcurran/ShowcaseView,5103,0
lucasr/twoway-view,5092,65
didi/VirtualAPK,5080,0
hankcs/HanLP,5068,0
JakeWharton/timber,5057,453
singwhatiwanna/dynamic-load-apk,5019,0
ogaclejapan/SmartTabLayout,5003,0
ChrisRM/material-theme-jetbrains,5001,0
naver/pinpoint,4996,4995
google/j2objc,4981,527
square/otto,4968,259
wyouflf/xUtils,4965,0
trello/RxLifecycle,4922,190
OpenRefine/OpenRefine,4915,853
facebook/rebound,4867,155
googlesamples/android-testing,4845,0
rengwuxian/MaterialEditText,4830,0
YoKeyword/Fragmentation,4809,151
antoniolg/androidmvp,4808,0
googlesamples/easypermissions,4800,187
koush/AndroidAsync,4775,0
claritylab/lucida,4753,531
gabrielemariotti/cardslib,4743,152
daimajia/AndroidImageSlider,4740,135
apache/storm,4686,8091
ikew0ng/SwipeBackLayout,4681,0
jgilfelt/SystemBarTint,4645,0
wyouflf/xUtils3,4644,0
GcsSloop/AndroidNote,4639,0
etsy/AndroidStaggeredGrid,4628,0
sparklemotion/nokogiri,4627,1226
youth5201314/banner,4620,0
swagger-api/swagger-core,4614,3218
thinkaurelius/titan,4598,485
Trinea/android-common,4584,0
dmytrodanylyk/circular-progress-button,4574,0
daimajia/NumberProgressBar,4571,373
apache/hadoop,4539,0
laobie/StatusBarUtil,4534,0
pardom/ActiveAndroid,4528,261
traex/RippleEffect,4514,0
eclipse/che,4494,458
vinc3m1/RoundedImageView,4485,0
Netflix/eureka,4480,277
neo4j/neo4j,4474,0
square/javapoet,4460,1597
square/okio,4456,846
frogermcs/InstaMaterial,4454,0
yixia/VitamioBundle,4451,0
Devlight/InfiniteCycleViewPager,4440,0
mcxiaoke/android-volley,4431,0
go-lang-plugin-org/go-lang-idea-plugin,4431,2157
CyberAgent/android-gpuimage,4429,198
square/sqlbrite,4429,582
daniulive/SmarterStreaming,4414,0
google/android-classyshark,4407,0
Yalantis/Side-Menu.Android,4377,0
facebook/facebook-android-sdk,4341,247
lwansbrough/react-native-camera,4308,0
aporter/coursera-android,4307,0
JakeWharton/NineOldAndroids,4305,24
AndroidBootstrap/android-bootstrap,4298,62
facebook/litho,4277,0
alibaba/freeline,4273,0
commonsguy/cw-omnibus,4259,0
kickstarter/android-oss,4245,0
LitePalFramework/LitePal,4236,0
scribejava/scribejava,4228,510
Nightonke/BoomMenu,4197,12
izzyleung/ZhihuDailyPurify,4191,0
shwenzhang/AndResGuard,4179,256
danielzeller/Depth-LIB-Android-,4144,0
leolin310148/ShortcutBadger,4142,0
chentao0707/SimplifyReader,4136,0
crazycodeboy/TakePhoto,4127,0
sockeqwe/mosby,4092,421
stanfordnlp/CoreNLP,4089,478
AsyncHttpClient/async-http-client,4074,1215
ACRA/acra,4061,0
CarGuo/GSYVideoPlayer,4044,317
apache/cassandra,4039,0
Qihoo360/RePlugin,4036,0
ybq/Android-SpinKit,4028,0
JakeWharton/DiskLruCache,4024,137
square/android-times-square,4020,392
mission-peace/interview,3990,0
motianhuo/wechat,3981,0
pxb1988/dex2jar,3948,33
alibaba/ARouter,3944,0
redisson/redisson,3929,861
lzyzsd/JsBridge,3922,0
Graylog2/graylog2-server,3921,11251
weibocom/motan,3913,451
naman14/Timber,3904,289
makovkastar/FloatingActionButton,3904,0
jdamcd/android-crop,3902,214
Raizlabs/DBFlow,3900,0
processing/processing,3877,0
serge-rider/dbeaver,3873,0
roboguice/roboguice,3872,457
castorflex/SmoothProgressBar,3869,165
gitpitch/gitpitch,3867,0
vondear/RxTools,3864,0
google/closure-compiler,3847,3492
careercup/ctci,3796,0
aa112901/remusic,3770,0
Clans/FloatingActionButton,3757,0
gocd/gocd,3756,0
h6ah4i/android-advancedrecyclerview,3748,0
prolificinteractive/material-calendarview,3702,119
evernote/android-job,3702,0
alibaba/dexposed,3695,0
wequick/Small,3695,127
XRecyclerView/XRecyclerView,3694,0
alibaba/canal,3694,0
JustWayward/BookReader,3693,0
apache/zookeeper,3690,0
robolectric/robolectric,3682,7237
NLPchina/ansj_seg,3667,254
markzhai/AndroidPerformanceMonitor,3656,0
JessYanCoding/MVPArms,3647,414
Yalantis/Phoenix,3637,0
GrenderG/Toasty,3624,0
hanks-zyh/HTextView,3603,0
Devlight/NavigationTabBar,3590,0
orhanobut/dialogplus,3574,45
b3log/solo,3571,1283
davemorrissey/subsampling-scale-image-view,3562,44
diogobernardino/WilliamChart,3557,0
haifengl/smile,3549,0
Flipboard/bottomsheet,3522,92
java-native-access/jna,3517,1312
grpc/grpc-java,3517,8879
dm77/barcodescanner,3514,0
Netflix/zuul,3511,284
hackware1993/MagicIndicator,3508,0
k9mail/k-9,3493,1845
drakeet/Meizhi,3486,0
openhab/openhab1-addons,3469,0
DreaminginCodeZH/Douya,3454,550
apereo/cas,3447,8529
andkulikov/Transitions-Everywhere,3426,0
medcl/elasticsearch-analysis-ik,3425,162
hongyangAndroid/baseAdapter,3423,0
wasabeef/richeditor-android,3415,0
joelittlejohn/jsonschema2pojo,3404,1013
MyCATApache/Mycat-Server,3401,0
amitshekhariitbhu/Android-Debug-Database,3401,0
bingoogolapple/BGARefreshLayout-Android,3397,0
ben-manes/caffeine,3388,2234
Vedenin/useful-java-links,3385,0
mikepenz/Android-Iconics,3385,0
pedrovgs/AndroidWiFiADB,3384,86
romannurik/muzei,3382,0
BoltsFramework/Bolts-Android,3381,283
QMUI/QMUI_Android,3379,0
square/moshi,3372,904
codecentric/spring-boot-admin,3361,729
spring-projects/spring-mvc-showcase,3346,0
orfjackal/retrolambda,3339,0
kyleduo/SwitchButton,3325,0
chrisbanes/ActionBar-PullToRefresh,3307,0
JoanZapata/android-iconify,3300,0
apache/zeppelin,3300,11488
shardingjdbc/sharding-jdbc,3291,2242
Tapadoo/Alerter,3290,0
knightliao/disconf,3285,706
antlr/antlr4,3285,2124
airbnb/epoxy,3284,1128
orientechnologies/orientdb,3279,1893
google/error-prone,3278,802
JodaOrg/joda-time,3278,453
alibaba/jstorm,3274,0
zaproxy/zaproxy,3273,4034
NanoHttpd/nanohttpd,3272,368
saiwu-bigkoo/Android-ConvenientBanner,3267,0
Alluxio/alluxio,3258,0
mcxiaoke/packer-ng-plugin,3224,0
KeepSafe/TapTargetView,3223,0
grantland/android-autofittextview,3211,0
actorapp/actor-platform,3198,1009
lightbend/config,3198,524
Yalantis/Context-Menu.Android,3195,0
react-community/react-native-image-picker,3186,0
hongyangAndroid/FlowLayout,3183,0
Ramotion/folding-cell-android,3182,0
baoyongzhang/SwipeMenuListView,3175,0
bauerca/drag-sort-listview,3169,0
pagehelper/Mybatis-PageHelper,3153,29
xuxueli/xxl-job,3151,282
yanzhenjie/NoHttp,3150,20
HotBitmapGG/bilibili-android-client,3148,0
avast/android-butterknife-zelezny,3142,0
johncarl81/parceler,3141,752
yarolegovich/DiscreteScrollView,3139,0
rengwuxian/RxJavaSamples,3113,0
bingoogolapple/BGAQRCode-Android,3107,0
timehop/sticky-headers-recyclerview,3097,0
dropbox/hackpad,3089,0
yangfuhai/afinal,3085,0
apache/rocketmq,3081,985
real-logic/aeron,3079,0
firebase/quickstart-android,3059,373
rockerhieu/emojicon,3058,143
udacity/Sunshine-Version-2,3054,0
ivacf/archi,3052,0
bluelinelabs/LoganSquare,3051,57
apache/flink,3045,21754
stephanenicolas/robospice,3045,965
alibaba/UltraViewPager,3042,0
asLody/VirtualApp,3042,0
Atmosphere/atmosphere,3041,676
keyboardsurfer/Crouton,3037,0
CellularPrivacy/Android-IMSI-Catcher-Detector,3035,2087
wdullaer/MaterialDateTimePicker,3032,63
MindorksOpenSource/android-interview-questions,3032,0
NLPchina/elasticsearch-sql,3029,717
elasticjob/elastic-job,3024,0
wasabeef/Blurry,3020,0
twitter/heron,3012,5848
xcc3641/SeeWeather,3009,34
ctripcorp/apollo,3008,1654
JetBrains/ideavim,3008,0
tangqi92/Android-Tips,3006,0
tyrantgit/ExplosionField,3002,0
pili-engineering/PLDroidPlayer,2982,0
pengjianbo/GalleryFinal,2982,0
kikoso/android-stackblur,2980,0
gzu-liyujiang/AndroidPicker,2969,126
rubensousa/RecyclerViewSnap,2962,0
ryanhoo/StylishMusicPlayer,2959,0
dinuscxj/LoadingDrawable,2958,0
nicolasgramlich/AndEngine,2943,0
ArthurHub/Android-Image-Cropper,2932,257
zetbaitsu/Compressor,2923,0
alibaba/DataX,2916,0
jgilfelt/android-viewbadger,2915,0
ChadCSong/ShineButton,2908,51
yanzhenjie/AndPermission,2907,0
hibernate/hibernate-orm,2902,0
yahoo/anthelion,2900,0
Activiti/Activiti,2898,1332
ManuelPeinado/FadingActionBar,2896,0
jankotek/mapdb,2894,1333
saulmm/Android-Material-Examples,2892,0
puniverse/quasar,2890,1626
baoyachi/StepView,2887,0
MindorksOpenSource/from-java-to-kotlin,2887,0
lcodecorex/TwinklingRefreshLayout,2885,0
careercup/CtCI-6th-Edition,2882,0
Karumi/Dexter,2870,439
jgilfelt/chuck,2863,0
Tencent/angel,2858,610
race604/FlyRefresh,2848,0
OpenTSDB/opentsdb,2838,1096
yigit/android-priority-jobqueue,2838,95
litesuits/android-common,2826,0
rubensousa/ViewPagerCards,2826,0
robinhood/ticker,2817,0
gabrielemariotti/RecyclerViewItemAnimators,2814,0
hugeterry/CoordinatorTabLayout,2814,0
daimajia/AndroidViewHover,2798,21
yangfuhai/ASimpleCache,2795,0
LuckSiege/PictureSelector,2784,0
jasonross/Nuwa,2782,0
pedrovgs/DraggablePanel,2775,135
wuhaoyu1990/MagicCamera,2773,0
MiguelCatalan/MaterialSearchView,2772,0
Justson/AgentWeb,2771,0
andremion/Music-Player,2753,0
biezhi/blade,2752,0
lzyzsd/CircleProgress,2736,0
alamkanak/Android-Week-View,2727,0
Manabu-GT/ExpandableTextView,2727,0
barteksc/AndroidPdfViewer,2720,0
drakeet/MultiType,2703,202
amitshekhariitbhu/RxJava2-Android-Samples,2699,0
lsjwzh/RecyclerViewPager,2695,0
psaravan/JamsMusicPlayer,2694,0
SimonVT/android-menudrawer,2693,177
hitherejoe/animate,2691,0
Microsoft/malmo,2687,951
jpush/aurora-imui,2685,0
ongakuer/CircleIndicator,2685,0
google/cameraview,2684,0
stleary/JSON-java,2677,0
h2oai/h2o-3,2667,48
google/google-authenticator,2667,84
Tencent/GT,2665,0
qii/weiciyuan,2663,0
amitshekhariitbhu/Fast-Android-Networking,2660,529
siacs/Conversations,2655,2156
xcltapestry/XCL-Charts,2655,0
JulienGenoud/android-percent-support-lib-sample,2654,0
airbnb/native-navigation,2646,0
cyrilmottier/GreenDroid,2644,0
Ashok-Varma/BottomNavigation,2641,91
rest-assured/rest-assured,2641,558
hs-web/hsweb-framework,2640,444
dmytrodanylyk/android-process-button,2639,0
airbnb/DeepLinkDispatch,2634,385
codeestX/GeekNews,2631,0
openaphid/android-flip,2628,0
checkstyle/checkstyle,2627,13552
yanzhenjie/SwipeRecyclerView,2623,0
ragunathjawahar/android-saripaar,2622,89
flyway/flyway,2622,1433
code-troopers/android-betterpickers,2621,0
SpecialCyCi/AndroidResideMenu,2616,0
lovetuzitong/MultiImageSelector,2609,0
google/grafika,2608,0
jfeinstein10/JazzyViewPager,2608,0
TeamNewPipe/NewPipe,2606,1842
bluelinelabs/Conductor,2601,417
NYTimes/Store,2596,802
sherxon/AlgoDS,2595,0
alibaba/otter,2590,0
yipianfengye/android-zxingLibrary,2584,0
Skykai521/StickerCamera,2584,0
pushtorefresh/storio,2569,1541
aurelhubert/ahbottomnavigation,2565,0
amulyakhare/TextDrawable,2564,0
johannilsson/android-pulltorefresh,2558,0
jwtk/jjwt,2556,481
Jacksgong/JKeyboardPanelSwitch,2553,105
yui/yuicompressor,2553,204
Malinskiy/SuperRecyclerView,2550,20
socketio/socket.io-client-java,2539,228
nisrulz/android-tips-tricks,2538,0
edmodo/cropper,2534,0
arimorty/floatingsearchview,2533,0
JeffLi1993/springboot-learning-example,2532,0
orhanobut/hawk,2529,117
beworker/pinned-section-listview,2522,0
square/flow,2519,614
afollestad/material-camera,2509,198
jersey/jersey,2509,0
yasserg/crawler4j,2486,215
k0shk0sh/FastHub,2475,1359
facebook/network-connection-class,2474,0
shekhargulati/99-problems,2468,0
saulmm/Material-Movies,2464,0
JohnPersano/SuperToasts,2462,0
chennaione/sugar,2455,0
material-components/material-components-android,2451,498
romandanylyk/PageIndicatorView,2449,0
spring-projects/spring-security-oauth,2447,415
Comcast/FreeFlow,2447,0
dongjunkun/DropDownMenu,2445,0
jiangqqlmj/FastDev4Android,2445,0
Yalantis/GuillotineMenu-Android,2444,0
zzz40500/GsonFormat,2442,0
kevinsawicki/http-request,2439,140
gyf-dev/ImmersionBar,2436,0
sohutv/cachecloud,2434,0
Teevity/ice,2422,47
cjlin1/libsvm,2417,0
jeasonlzy/ImagePicker,2417,0
JakeWharton/scalpel,2415,18
path/android-priority-jobqueue,2413,0
Meituan-Dianping/Robust,2413,0
react-native-community/react-native-video,2409,0
Bilibili/MagicaSakura,2405,0
mihaip/dex-method-counts,2400,0
facebook/shimmer-android,2400,0
willowtreeapps/spruce-android,2397,0
rubensousa/PreviewSeekBar,2387,0
Todd-Davies/ProgressWheel,2387,0
gephi/gephi,2386,497
youlookwhat/CloudReader,2383,128
Tencent/MSEC,2382,0
OpenFeign/feign,2382,827
balysv/material-menu,2378,0
Meituan-Dianping/walle,2371,183
LyndonChin/MasteringAndroidDataBinding,2366,23
sqshq/PiggyMetrics,2366,110
JesusFreke/smali,2361,0
vespa-engine/vespa,2359,3585
apache/groovy,2354,3438
owncloud/android,2346,7988
danylovolokh/VideoPlayerManager,2343,0
hazelcast/hazelcast,2342,0
worker8/TourGuide,2340,158
firebase/FirebaseUI-Android,2319,2167
donglua/PhotoPicker,2311,300
journeyapps/zxing-android-embedded,2309,246
ximsfei/Android-skin-support,2306,0
davideas/FlexibleAdapter,2297,0
RobotiumTech/robotium,2295,0
googlemaps/android-maps-utils,2292,687
yusugomori/DeepLearning,2291,0
zo0r/react-native-push-notification,2281,0
florent37/ExpectAnim,2280,0
google/binnavi,2279,230
requery/requery,2279,698
saulmm/CoordinatorBehaviorExample,2278,0
SonarSource/sonarqube,2275,35633
mrniko/netty-socketio,2273,0
aws/aws-sdk-java,2266,1587
Prototik/HoloEverywhere,2259,496
theDazzler/droidicon,2258,0
grails/grails-core,2252,3458
h2oai/h2o-2,2249,153
hmkcode/Android,2247,0
jprante/elasticsearch-jdbc,2242,382
jfinal/jfinal,2241,0
pnikosis/materialish-progress,2239,29
pedrovgs/Algorithms,2234,174
rabbitmq/rabbitmq-tutorials,2229,149
MovingBlocks/Terasology,2229,0
markushi/android-ui,2227,0
romainguy/ViewServer,2224,0
ozodrukh/CircularReveal,2224,0
sd6352051/NiftyDialogEffects,2223,50
Bilibili/boxing,2219,137
JoanZapata/android-pdfview,2218,0
vavr-io/vavr,2217,4416
google/hover,2217,0
Nightonke/WoWoViewPager,2216,0
wonderkiln/BlurKit-Android,2212,0
Blankj/awesome-java-leetcode,2211,0
oguzbilgener/CircularFloatingActionMenu,2209,22
hongyangAndroid/Highlight,2201,0
sfsheng0322/StickyHeaderListView,2199,0
square/wire,2195,2839
airbnb/airpal,2194,0
bingoogolapple/BGABanner-Android,2193,0
json-path/JsonPath,2191,512
geftimov/android-pathview,2186,0
w446108264/XhsEmoticonsKeyboard,2183,0
twitter/distributedlog,2182,60
stormzhang/9GAG,2174,0
Cleveroad/SlidingTutorial-Android,2166,0
bytedeco/javacpp,2163,73
Ereza/CustomActivityOnCrash,2161,0
binIoter/GuideView,2157,0
MindorksOpenSource/android-mvp-architecture,2157,0
TangoAgency/material-intro-screen,2156,250
500px/500px-android-blur,2151,0
north2016/T-MVP,2140,0
Marswin/MarsDaemon,2137,0
b3log/symphony,2135,3970
xinghongfei/LookLook,2134,0
avast/android-styled-dialogs,2133,106
Fotoapparat/Fotoapparat,2132,452
JakeWharton/Telecine,2131,335
nisrulz/sensey,2130,0
harjot-oberai/MusicDNA,2129,0
yusuke/twitter4j,2128,70
oblac/jodd,2126,1115
yipianfengye/android-adDialog,2126,0
xfumihiro/ViewInspector,2123,0
apache/cordova-android,2118,1145
florent37/DiagonalLayout,2115,0
android-cjj/JJSearchViewAnim,2105,0
qiujuer/Genius-Android,2103,0
iPaulPro/Android-ItemTouchHelper-Demo,2103,0
Frank-Zhu/PullZoomView,2101,0
eirslett/frontend-maven-plugin,2098,722
reark/reark,2098,438
square/mortar,2096,110
databricks/learning-spark,2094,0
jd-alexander/LikeButton,2094,102
eishay/jvm-serializers,2093,0
chrisbanes/philm,2092,0
jOOQ/jOOQ,2090,2849
xmuSistone/ViewpagerTransition,2089,0
MinecraftForge/MinecraftForge,2087,2267
googlesamples/google-services,2084,64
dlew/joda-time-android,2081,178
mzule/ActivityRouter,2078,0
reactive-streams/reactive-streams-jvm,2072,736
konifar/android-material-design-icon-generator-plugin,2070,0
HoraApps/LeafPic,2068,0
bytedeco/javacv,2065,86
BelooS/ChipsLayoutManager,2065,0
flavioarfaria/KenBurnsView,2062,0
githubwing/ZoomHeader,2062,0
code-mc/material-icon-lib,2057,0
wenmingvs/AndroidProcess,2054,0
siyamed/android-shape-imageview,2053,100
spring-projects/spring-security,2046,1155
Konloch/bytecode-viewer,2045,0
kbastani/spring-cloud-microservice-example,2041,0
Yalantis/Euclid,2036,0
qstumn/BadgeView,2033,0
android-cjj/BeautifulRefreshLayout,2031,0
androidquery/androidquery,2029,0
chenupt/SpringIndicator,2023,0
alibaba/cobar,2021,0
glomadrian/Grav,2021,0
cymcsg/UltimateAndroid,2021,102
sfsheng0322/MarqueeView,2014,0
soarcn/BottomSheet,2008,88
javaee-samples/javaee7-samples,2006,277
drakeet/MaterialDialog,2005,0
yarolegovich/SlidingRootNav,2000,0
mxn21/FlowingDrawer,1999,40
deano2390/MaterialShowcaseView,1997,0
wireapp/wire-android,1994,0
iammert/ScalingLayout,1991,0
voldemort/voldemort,1990,0
daimajia/AnimationEasingFunctions,1989,327
kevin-wayne/algs4,1988,0
fyhertz/libstreaming,1982,0
iammert/MaterialIntroView,1979,0
xmuSistone/CardSlidePanel,1979,0
2dxgujun/AndroidTagGroup,1978,116
tjerkw/Android-SlideExpandableListView,1976,110
balysv/material-ripple,1972,0
square/tape,1972,513
pchmn/MaterialChipsInput,1971,0
dreamhead/moco,1969,1590
jhalterman/failsafe,1964,422
PomepuyN/BlurEffectForAndroidDesign,1963,0
mikepenz/AboutLibraries,1962,339
jfoenixadmin/JFoenix,1961,0
simple-android-framework/android_design_patterns_analysis,1959,0
amirzaidi/Launcher3,1957,0
rstudio/rstudio,1957,0
chewiebug/GCViewer,1956,141
bigbluebutton/bigbluebutton,1950,0
android-cjj/Android-MaterialRefreshLayout,1949,0
kymjs/KJFrameForAndroid,1946,0
Diolor/Swipecards,1945,172
liyifeng1994/ssm,1942,0
facebook/device-year-class,1940,0
bonnyfone/vectalign,1938,0
vikramkakkar/SublimePicker,1936,0
mikepenz/FastAdapter,1935,918
ata4/disunity,1932,0
react-native-community/react-native-svg,1931,688
Wizcorp/phonegap-facebook-plugin,1931,0
Piasy/BigImageViewer,1928,0
skavanagh/KeyBox,1927,0
lygttpod/SuperTextView,1927,0
danikula/AndroidVideoCache,1926,62
apache/tomcat,1925,0
bmelnychuk/AndroidTreeView,1922,0
chanjarster/weixin-java-tools,1912,198
zcweng/ToggleButton,1912,0
wildfly/wildfly,1909,0
ldoublem/LoadingView,1909,0
konmik/nucleus,1901,0
JackyAndroid/AndroidTVLauncher,1898,27
apache/incubator-skywalking,1896,3315
JackyAndroid/AndroidChromium,1893,0
spring-projects/spring-loaded,1889,0
mcharmas/Android-ReactiveLocation,1889,0
spotify/helios,1888,784
mongodb/mongo-java-driver,1886,2521
AnderWeb/discreteSeekBar,1884,0
mybatis/generator,1883,367
jgilfelt/android-sqlite-asset-helper,1877,0
bingoogolapple/BGABadgeView-Android,1876,0
flavienlaurent/datetimepicker,1873,0
dyc87112/SpringBoot-Learning,1873,0
ZieIony/Carbon,1871,0
TommyLemon/Android-ZBLibrary,1871,0
mcharmas/android-parcelable-intellij-plugin,1870,0
GitLqr/LQRWeChat,1864,0
LuckyJayce/ViewPagerIndicator,1852,0
googlesamples/android-vision,1851,0
square/keywhiz,1851,1820
crate/crate,1851,31078
fqrouter/fqrouter,1848,0
pakerfeldt/android-viewflow,1847,0
yqritc/RecyclerView-FlexibleDivider,1846,0
zzhoujay/RichText,1844,0
baoyongzhang/android-PullRefreshLayout,1842,0
Bukkit/Bukkit,1837,0
white-cat/ThinkAndroid,1837,0
brianfrankcooper/YCSB,1830,1449
appsthatmatter/GraphView,1829,0
keycloak/keycloak,1826,8942
zzz40500/AndroidSweetSheet,1826,0
termux/termux-app,1826,423
MikeOrtiz/TouchImageView,1822,0
JakeWharton/ThreeTenABP,1821,78
Zomato/AndroidPhotoFilters,1819,0
cryptomator/cryptomator,1818,896
grandcentrix/tray,1818,397
Karumi/Rosie,1815,135
Dimezis/BlurView,1815,0
lihengming/spring-boot-api-project-seed,1809,0
mikepenz/LollipopShowcase,1806,0
florent37/ViewAnimator,1805,0
aritraroy/PatternLockView,1804,0
raphw/byte-buddy,1800,2412
dubbo/dubbo-spring-boot-project,1798,0
IsseiAoki/SimpleCropView,1794,111
zagum/Android-SwitchIcon,1791,0
novoda/android-demos,1789,0
immutables/immutables,1789,1394
Aspsine/SwipeToLoadLayout,1787,0
google/wycheproof,1785,0
Sunzxyong/Tiny,1785,0
hitherejoe/Android-Boilerplate,1784,38
ronmamo/reflections,1783,139
elevenetc/TextSurface,1781,0
undertow-io/undertow,1780,0
sharish/ShimmerRecyclerView,1780,0
Netflix/curator,1779,0
ToxicBakery/ViewPagerTransforms,1776,59
OpenGrok/OpenGrok,1776,0
ApmeM/android-flowlayout,1773,34
zhouchaoyuan/excelPanel,1772,0
balsikandar/Android-Studio-Plugins,1770,0
RomainPiel/Shimmer-android,1770,0
rovo89/XposedInstaller,1769,0
bisq-network/exchange,1768,942
youtube/api-samples,1768,0
AltBeacon/android-beacon-library,1768,0
dmilicic/Android-Clean-Boilerplate,1767,0
uber/RIBs,1766,267
spring-projects/spring-petclinic,1766,245
detro/ghostdriver,1765,0
watabou/pixel-dungeon,1764,0
oasisfeng/condom,1764,84
KieronQuinn/PersistentSearch,1761,0
AigeStudio/WheelPicker,1756,0
hefuyicoder/ListenerMusicPlayer,1756,0
spockframework/spock,1755,841
MagicMashRoom/SuperCalendar,1755,0
Yalantis/FlipViewPager.Draco,1753,0
linkedin/databus,1750,0
ninjaframework/ninja,1750,348
Netflix/ribbon,1749,57
bitcoinj/bitcoinj,1744,2039
rallat/EffectiveAndroid,1742,0
matrixxun/ProductTour,1738,0
lapism/SearchView,1737,0
graphql-java/graphql-java,1736,1779
jdsjlzx/LRecyclerView,1732,0
flavienlaurent/NotBoringActionBar,1731,0
AntennaPod/AntennaPod,1731,0
objectbox/objectbox-java,1730,0
pqpo/SmartCropper,1730,0
eclipse/jetty.project,1729,207
huazhiyuan2008/RecyclerViewCardGallery,1728,0
H07000223/FlycoDialog_Master,1720,0
addthis/stream-lib,1720,264
gjiazhe/PanoramaImageView,1719,0
phishman3579/java-algorithms-implementation,1717,277
elye/loaderviewlibrary,1716,0
jaydenxiao2016/AndroidFire,1715,0
lyft/scissors,1713,114
Freeyourgadget/Gadgetbridge,1709,2604
iwgang/CountdownView,1708,0
wangdan/AisenWeiBo,1708,0
Jude95/EasyRecyclerView,1707,0
spring-cloud/spring-cloud-netflix,1707,1524
M66B/XPrivacy,1703,0
Nightonke/CoCoin,1703,0
goldmansachs/gs-collections,1702,0
r0adkll/Slidr,1702,0
JorgeCastilloPrz/AndroidFillableLoaders,1700,56
fanrunqi/MaterialLogin,1700,0
jackpal/Android-Terminal-Emulator,1697,0
linkedin/rest.li,1696,0
http-kit/http-kit,1696,65
zjw-swun/AppMethodOrder,1694,0
languagetool-org/languagetool,1694,6334
cglib/cglib,1694,221
tvbarthel/BlurDialogFragment,1691,0
steelkiwi/cropiwa,1688,0
recruit-lifestyle/WaveSwipeRefreshLayout,1685,0
nutzam/nutz,1685,2209
sockeqwe/AdapterDelegates,1680,107
facebook/react-native-fbsdk,1679,0
moezbhatti/qksms,1678,859
AbrahamCaiJin/CommonUtilLibrary,1678,0
JoanZapata/base-adapter-helper,1674,0
linkedin/pinot,1674,7097
tyzlmjj/PagerBottomTabStrip,1670,83
powermock/powermock,1670,721
react-native-community/react-native-blur,1669,0
Yalantis/StarWars.Android,1669,0
XunMengWinter/CircularAnim,1667,0
google/tiger,1665,0
libgdx/packr,1664,0
junit-team/junit5,1663,5471
Yalantis/Horizon,1662,0
esoxjem/MovieGuide,1662,0
VictorAlbertos/RxCache,1661,294
Skykai521/ECTranslation,1661,0
skyfishjy/android-ripple-background,1657,0
tinkerpop/gremlin,1657,186
yadav-rahul/TastyToast,1657,13
TheFinestArtist/FinestWebView-Android,1657,0
garretyoder/Colorful,1657,0
maurycyw/StaggeredGridView,1656,0
rmtheis/android-ocr,1655,0
wingjay/jianshi,1655,0
LaiFeng-Android/SopCastComponent,1651,0
FinalTeam/RxGalleryFinal,1651,0
apache/hbase,1650,0
torodb/stampede,1650,514
Devlight/NavigationTabStrip,1646,0
Cleveroad/FanLayoutManager,1644,0
Naoki2015/CircleDemo,1643,0
vipulasri/Timeline-View,1640,0
googlesamples/android-testing-templates,1637,0
qs-lll/ExpandingPager,1637,0
klinker24/Talon-for-Twitter,1636,0
apache/hive,1634,4759
CrawlScript/WebCollector,1631,0
seiginonakama/BlockCanaryEx,1630,0
artem-zinnatullin/qualitymatters,1628,656
bm-x/PhotoView,1628,0
ratpack/ratpack,1625,1970
robovm/robovm,1624,0
mthli/Knife,1623,0
spring-projects/spring-data-examples,1622,990
florent37/CameraFragment,1618,0
amitshekhariitbhu/awesome-android-complete-reference,1616,0
hongyangAndroid/android-percent-support-extend,1614,0
TeamAmaze/AmazeFileManager,1614,328
Deletescape-Media/Lawnchair,1612,0
AigeStudio/DatePicker,1607,0
daimajia/AnimeTaste,1607,53
notnoop/java-apns,1607,257
tuesda/CircleRefreshLayout,1605,0
cucumber/cucumber-jvm,1605,2187
jMonkeyEngine/jmonkeyengine,1603,2104
dexafree/MaterialList,1603,133
videlalvaro/gifsockets,1600,0
Rajawali/Rajawali,1599,1101
AriaLyy/Aria,1598,0
neokree/MaterialNavigationDrawer,1598,0
Ramotion/paper-onboarding-android,1598,0
wordpress-mobile/WordPress-Android,1597,23779
Jasonchenlijian/FastBle,1597,0
bluejamesbond/TextJustify-Android,1594,77
fengjundev/Android-Skin-Loader,1593,0
phonegap/phonegap-plugin-push,1592,684
henrytao-me/smooth-app-bar-layout,1591,0
eluleci/FlatUI,1588,0
jjdxmashl/jjdxm_ijkplayer,1588,0
athkalia/Just-Another-Android-App,1585,0
mcxtzhang/SwipeDelMenuLayout,1584,0
apache/camel,1583,0
sephiroth74/ImageViewZoom,1579,16
fython/MaterialStepperView,1577,0
tumblr/Backboard,1575,0
codeestX/ENViews,1571,0
killbill/killbill,1564,3657
inmite/android-selector-chapek,1563,0
WritingMinds/ffmpeg-android-java,1563,0
apache/beam,1561,11952
timmolter/XChange,1559,3382
RomainPiel/Titanic,1556,0
JakeWharton/RxRelay,1554,63
iPaulPro/aFileChooser,1552,0
querydsl/querydsl,1552,5238
igniterealtime/Smack,1550,1331
Yalantis/Taurus,1548,0
VerbalExpressions/JavaVerbalExpressions,1545,137
nispok/snackbar,1541,216
lendylongli/qianghongbao,1541,0
Trinea/android-auto-scroll-view-pager,1540,39
zouzg/mybatis-generator-gui,1538,0
Rukey7/MvpApp,1538,0
niorgai/StatusBarCompat,1536,0
pwnall/chromeview,1535,0
brianway/java-learning,1533,0
kanytu/android-parallax-recyclerview,1532,0
dodola/HotFix,1531,0
alexvasilkov/FoldableLayout,1530,0
Luosunce/material-design-data,1525,0
aragozin/jvm-tools,1521,38
ICT-BDA/EasyML,1521,0
square/assertj-android,1520,478
react-native-community/react-native-linear-gradient,1517,0
Kaopiz/android-segmented-control,1516,0
redsolution/xabber-android,1516,434
stfalcon-studio/ChatKit,1513,0
l123456789jy/Lazy,1512,0
Netflix/archaius,1511,232
Tibolte/ElasticDownload,1510,0
gre/gl-react-native-v2,1510,0
jaredrummler/AnimatedSvgView,1509,0
azkaban/azkaban,1508,3254
kabouzeid/Phonograph,1505,0
iSoron/uhabits,1504,32
FasterXML/jackson-databind,1504,2500
twosigma/beakerx,1501,6320
tiann/understand-plugin-framework,1498,0
woxingxiao/BubbleSeekBar,1498,0
dinuscxj/RecyclerRefreshLayout,1497,0
xmuSistone/AndroidPileLayout,1495,0
linger1216/labelview,1495,0
Athou/commafeed,1493,346
felipecsl/AsymmetricGridView,1492,0
pzxwhc/MineKnowContainer,1491,0
airbnb/AirMapView,1490,330
alexvasilkov/GestureViews,1490,19
pwittchen/ReactiveNetwork,1489,891
lawloretienne/QuickReturn,1489,0
mybatis/spring-boot-starter,1488,460
gotev/android-upload-service,1487,325
Kelin-Hong/ScrollablePanel,1485,0
groovy/groovy-core,1484,0
MostafaGazar/CustomShapeImageView,1480,31
timusus/Shuttle,1478,591
Froussios/Intro-To-RxJava,1478,0
frogermcs/LikeAnimation,1474,0
yingLanNull/ShadowImageView,1473,0
Krupen/FabulousFilter,1469,0
mancj/SlideUp-Android,1468,0
apache/incubator-pulsar,1468,2079
google/google-java-format,1467,461
byoutline/kickmaterial,1466,266
pbreault/adb-idea,1465,0
LyndonChin/AndroidRubberIndicator,1465,0
apache/nutch,1465,0
eoinfogarty/Onboarding,1464,0
yydcdut/PhotoNoter,1463,324
MatthiasRobbers/shortbread,1462,0
cSploit/android,1460,0
harism/android_page_curl,1460,0
mcxtzhang/ZLayoutManager,1458,0
zzz40500/android-shapeLoadingView,1457,0
apache/jmeter,1455,3352
ImmortalZ/TransitionHelper,1454,0
dodola/RocooFix,1453,0
joyoyao/superCleanMaster,1452,0
HeZaiJin/SlantedTextView,1452,0
ltsopensource/light-task-scheduler,1448,0
javaparser/javaparser,1447,2301
afollestad/aesthetic,1447,146
ZhaoKaiQiang/KLog,1447,0
UFreedom/FloatingView,1446,45
MiCode/Notes,1446,0
gongwen/MarqueeViewLibrary,1445,0
xmuSistone/VerticalSlideFragment,1444,0
commonsguy/cw-advandroid,1444,0
twitter/commons,1443,1365
Muddz/StyleableToast,1442,0
TonicArtos/StickyGridHeaders,1441,0
armcha/Space-Navigation-View,1441,0
jitsi/jitsi,1441,0
Red5/red5-server,1441,178
BaronZ88/MinimalistWeather,1441,0
seven332/EhViewer,1435,0
hidroh/materialistic,1435,2222
parse-community/Parse-SDK-Android,1431,765
zhanglei-workspace/shopping-management-system,1430,0
oldmanpushcart/greys-anatomy,1429,0
btraceio/btrace,1429,460
ImmortalZ/StereoView,1425,0
Azoft/CarouselLayoutManager,1423,0
auth0/java-jwt,1421,172
kikoso/Swipeable-Cards,1421,20
DreaminginCodeZH/MaterialProgressBar,1419,0
dersoncheng/MultipleTheme,1419,0
luojilab/DDComponentForAndroid,1419,0
nekocode/CameraFilter,1419,0
siyamed/android-satellite-menu,1417,0
dodola/MetaballLoading,1417,0
code4craft/netty-learning,1416,0
pilgr/Paper,1415,210
mmin18/FlexLayout,1413,0
tdebatty/java-string-similarity,1410,130
graphhopper/graphhopper,1410,3731
EverythingMe/overscroll-decor,1408,0
igniterealtime/Openfire,1408,2700
card-io/card.io-Android-SDK,1407,60
akexorcist/Android-RoundCornerProgressBar,1405,127
hussien89aa/AndroidTutorialForBeginners,1403,0
geometer/FBReaderJ,1401,0
mpusher/mpush,1401,0
Jungerr/GridPasswordView,1400,0
stephentuso/welcome-android,1399,212
traex/ExpandableLayout,1399,0
majidgolshadi/Android-Download-Manager-Pro,1396,0
Cutta/GifView,1396,0
brianway/webporter,1395,0
plattysoft/Leonids,1393,0
Polidea/RxAndroidBle,1392,953
zeromq/jeromq,1389,486
medyo/android-about-page,1387,0
Cleveroad/AdaptiveTableLayout,1386,0
johannilsson/android-actionbar,1384,0
gchq/Gaffer,1382,7087
gitblit/gitblit,1375,42
romainguy/road-trip,1373,0
sqlcipher/android-database-sqlcipher,1372,0
JZ-Darkal/AndroidHttpCapture,1371,0
nex3z/FlowLayout,1371,0
keklikhasan/LDrawer,1370,0
gowong/material-sheet-fab,1370,0
gouthampradhan/leetcode,1369,0
fabric8io/fabric8,1367,0
markushi/android-circlebutton,1367,0
syncany/syncany,1367,1160
maoruibin/TranslateApp,1367,73
johnkil/Android-AppMsg,1366,0
Ramotion/expanding-collection-android,1365,0
friendlyrobotnyc/TinyDancer,1365,79
flavienlaurent/discrollview,1365,0
liuling07/SimpleNews,1364,0
psal/anonymouth,1362,0
apache/ignite,1361,0
daCapricorn/ArcMenu,1360,0
liaoinstan/SpringView,1358,0
jOOQ/jOOR,1358,114
elvishew/xLog,1357,102
floragunncom/search-guard,1356,3751
harjot-oberai/MaterialShadows,1356,0
wenmingvs/NotifyUtil,1355,0
kmshack/Android-ParallaxHeaderViewPager,1354,0
FudanNLP/fnlp,1354,0
stfalcon-studio/FrescoImageViewer,1354,0
quartz-scheduler/quartz,1354,110
Hitomis/transferee,1353,0
soabase/exhibitor,1352,86
neokree/MaterialTabs,1350,0
houkx/android-pluginmgr,1349,0
android10/frodo,1349,0
google/jimfs,1348,80
crazycodeboy/react-native-splash-screen,1346,0
jphp-compiler/jphp,1346,1355
pentaho/pentaho-kettle,1345,0
DroidNinja/Android-FilePicker,1344,0
AndroidKnife/RxBus,1343,0
JessYanCoding/ProgressManager,1341,68
HoneyNeutrons/RecyclerViewUndoSwipe,1340,0
qdrzwd/VideoRecorder,1339,0
yanzhenjie/Album,1339,0
roomorama/Caldroid,1339,0
oubowu/OuNews,1338,0
hongyangAndroid/AndroidChangeSkin,1337,0
lguipeng/Notes,1334,0
jcoleman/tomcat-redis-session-manager,1333,0
Flowdalic/asmack,1333,34
nanchen2251/CompressHelper,1332,0
mayubao/Android-Pay,1331,0
mttkay/ignition,1330,0
multidots/android-app-common-tasks,1330,0
apache/shiro,1328,0
Q42/AndroidScrollingImageView,1328,0
RoboBinding/RoboBinding,1326,0
xmuSistone/VegaLayoutManager,1325,0
nisrulz/easydeviceinfo,1325,0
Kong/unirest-java,1324,463
jeasonlzy/NineGridView,1324,0
anjlab/android-inapp-billing-v3,1323,97
medyo/Fancybuttons,1323,0
chenupt/DragTopLayout,1320,0
uber/NullAway,1319,366
LuckyJayce/MVCHelper,1318,0
rubensousa/FloatingToolbar,1318,121
Yalantis/pull-to-make-soup,1318,0
alibaba/TProfiler,1317,0
loopeer/CardStackView,1315,0
HdrHistogram/HdrHistogram,1315,51
gcacace/android-signaturepad,1315,0
antoniolg/MaterialEverywhere,1314,0
blackfizz/EazeGraph,1314,0
FasterXML/jackson-core,1313,874
traex/CalendarListview,1312,0
romainguy/google-io-2014,1312,0
tangqi92/WaveLoadingView,1311,0
code-mc/loadtoast,1311,0
liuguangqiang/SwipeBack,1309,48
heinrichreimer/material-intro,1308,278
yahoo/mysql_perf_analyzer,1308,0
mongodb/mongo-hadoop,1308,0
spring-io/sagan,1306,799
arcadefire/nice-spinner,1306,0
DmitryMalkovich/material-design-dimens,1305,18
apache/mahout,1304,801
mmin18/AndroidDynamicLoader,1303,0
liquibase/liquibase,1302,170
apache/lucene-solr,1302,0
OryxProject/oryx,1301,1298
mik3y/usb-serial-for-android,1301,0
vekexasia/android-edittext-validator,1300,0
terrakok/Cicerone,1298,0
DaxiaK/MyDiary,1297,0
pmd/pmd,1296,1788
hehonghui/AndroidEventBus,1295,0
frogermcs/AndroidDevMetrics,1293,0
500px/greedo-layout-for-android,1292,0
loopj/android-smart-image-view,1291,0
omadahealth/LolliPin,1291,0
promeG/TinyPinyin,1291,29
romannurik/Android-SwipeToDismiss,1289,0
ffay/lanproxy,1289,0
dmytrodanylyk/folding-plugin,1289,0
LuckyJayce/LargeImage,1287,0
jamesdbloom/mockserver,1286,838
jmxtrans/jmxtrans,1285,1482
yahoo/squidb,1285,1112
czy1121/update,1285,0
spotify/docker-maven-plugin,1284,153
wasabeef/picasso-transformations,1283,0
ityouknow/spring-boot-examples,1280,0
liaohuqiu/android-GridViewWithHeaderAndFooter,1280,0
TakuSemba/MultiSnapRecyclerView,1279,0
xamarin/XobotOS,1278,0
abel533/MyBatis-Spring-Boot,1278,0
osmandapp/Osmand,1278,0
square/phrase,1277,82
jaredrummler/AndroidProcesses,1277,0
PlusHaze/TrayNotification,1276,0
OpenHFT/Chronicle-Queue,1276,0
HuTianQi/QQ,1275,0
nickbutcher/AnimatorDurationTile,1275,0
j256/ormlite-android,1275,0
M66B/NetGuard,1274,0
hamcrest/JavaHamcrest,1268,302
huxq17/XRefreshView,1268,0
flschweiger/SwipeStack,1265,0
googlesamples/android-Camera2Basic,1265,0
tinkerpop/blueprints,1263,629
renaudcerrato/FloatingSearchView,1262,0
vert-x3/vertx-examples,1261,0
motianhuo/VCameraDemo,1260,0
tarek360/RichPath,1257,0
firebase/firebase-jobdispatcher-android,1256,244
chenBingX/SuperTextView,1256,0
JCTools/JCTools,1255,425
Avocarrot/json2view,1254,64
cundong/HeaderAndFooterRecyclerView,1253,0
klinker24/Android-TextView-LinkBuilder,1253,0
f2prateek/rx-preferences,1253,227
AdoptOpenJDK/jitwatch,1253,0
deeplearning4j/nd4j,1253,921
Yalantis/ToDoList,1252,0
aosp-mirror/platform_frameworks_support,1252,0
jboss-javassist/javassist,1251,0
albertlatacz/java-repl,1251,430
JZXiang/TimePickerDialog,1249,0
UweTrottmann/SeriesGuide,1249,0
Cleveroad/WaveInApp,1249,0
sannies/mp4parser,1248,399
litesuits/android-lite-orm,1247,0
florent37/GlidePalette,1247,0
AhmadElsagheer/Competitive-programming-library,1247,0
AAkira/ExpandableLayout,1244,0
Sunzxyong/Recovery,1241,0
stephanenicolas/Quality-Tools-for-Android,1241,125
Ramotion/cardslider-android,1241,0
txusballesteros/bubbles-for-android,1240,0
stepstone-tech/android-material-stepper,1238,243
real-logic/simple-binary-encoding,1236,0
hehonghui/Colorful,1235,0
takahirom/PreLollipopTransition,1232,0
apache/kylin,1231,2825
brianwernick/ExoMedia,1230,0
spring-guides/tut-spring-security-and-angular-js,1229,0
MiCode/FileExplorer,1229,0
vaadin/framework,1228,0
ManuelPeinado/GlassActionBar,1228,0
boycy815/PinchImageView,1228,0
mongodb/morphia,1227,1095
googlesamples/android-play-location,1226,0
antoniolg/MaterializeYourApp,1226,0
google/truth,1225,652
Codecademy/EventHub,1224,0
liaohuqiu/android-UCToast,1224,0
yigit/dev-summit-architecture-demo,1223,0
D-clock/AndroidDaemonService,1220,0
SeldonIO/seldon-server,1220,0
abel533/Mapper,1219,59
federicoiosue/Omni-Notes,1218,338
txusballesteros/welcome-coordinator,1216,40
kaku2015/ColorfulNews,1216,0
linyiqun/DataMiningAlgorithm,1214,0
oney/react-native-webrtc,1213,0
PrivacyApps/html-textview,1212,0
wnafee/vector-compat,1212,0
wenmingvs/WeiBo,1210,0
kymjs/TheMVP,1209,0
avjinder/Minimal-Todo,1209,58
mancj/MaterialSearchBar,1209,0
kiegroup/drools,1208,0
lgvalle/android-flux-todo-app,1208,0
ZuYun/Jgraph,1206,0
eschao/android-PageFlip,1206,0
speedment/speedment,1205,609
MrEngineer13/SnackBar,1205,0
thest1/LazyList,1205,0
baomidou/mybatis-plus,1203,0
NLPIR-team/NLPIR,1202,0
anton46/Android-StepsView,1202,0
pingpongboss/StandOut,1201,0
eoecn/android-app,1201,0
wangchenyan/PonyMusic,1200,0
wingjay/BlurImageView,1200,0
qiujuer/ImageBlurring,1199,0
sealtalk/sealtalk-android,1196,0
Instagram/ig-json-parser,1195,55
mattdesl/lwjgl-basics,1195,0
badoualy/stepper-indicator,1193,0
confluentinc/ksql,1193,0
race604/WaveLoading,1193,0
long1eu/SpaceTabLayout,1193,0
hongyangAndroid/Android_Blog_Demos,1193,0
mzule/FantasySlide,1192,0
akexorcist/Android-BluetoothSPPLibrary,1192,0
zaaach/CityPicker,1191,0
guoguibing/librec,1190,105
crossoverJie/SSM,1190,67
spring-projects/spring-integration-samples,1190,85
bignerdranch/expandable-recycler-view,1190,465
spotify/apollo,1189,0
sirthias/pegdown,1188,0
spullara/mustache.java,1188,299
orbit/orbit,1188,1354
liaohuqiu/cube-sdk,1188,87
osmdroid/osmdroid,1187,1134
jpardogo/GoogleProgressBar,1187,0
blipinsk/RecyclerViewHeader,1187,0
andyxialm/SmoothCheckBox,1186,0
Ramotion/garland-view-android,1184,0
nntuyen/mkloader,1182,44
moagrius/TileView,1181,0
dyc87112/SpringCloud-Learning,1180,0
romannurik/Android-WizardPager,1180,0
stagemonitor/stagemonitor,1178,1486
afollestad/drag-select-recyclerview,1178,54
ribot/ribot-app-android,1177,0
Hitomis/FunGameRefresh,1177,0
badoo/android-weak-handler,1177,0
Netflix/servo,1175,176
OpenHFT/Chronicle-Map,1175,0
florent37/MaterialTextField,1175,0
changmingxie/tcc-transaction,1173,0
saulmm/Curved-Fab-Reveal-Example,1173,0
EsotericSoftware/kryonet,1173,0
limpoxe/Android-Plugin-Framework,1172,0
ppamorim/Dragger,1172,220
TakuSemba/Spotlight,1172,0
twitter/ambrose,1171,459
eleme/Amigo,1170,0
apache/flume,1169,385
mixi-inc/AndroidTraining,1169,0
facebook/TextLayoutBuilder,1169,0
googlesamples/android-PictureInPicture,1168,0
apache/commons-lang,1166,1106
mikepenz/Android-ActionItemBadge,1165,0
andreasschrade/android-design-template,1163,0
javamelody/javamelody,1160,0
atomashpolskiy/bt,1160,425
SimonVT/schematic,1159,114
renaudcerrato/ToggleDrawable,1159,0
linfaxin/TransitionPlayer,1158,0
mapbox/react-native-mapbox-gl,1158,0
klinker41/android-slidingactivity,1158,0
lisawray/groupie,1158,0
frohoff/ysoserial,1157,119
commonsguy/cw-android,1157,0
nkzawa/socket.io-android-chat,1156,0
toddway/MaterialTransitions,1156,0
JeasonWong/Particle,1155,0
LarsWerkman/HoloColorPicker,1155,0
Dreampie/Resty,1154,0
aNNiMON/Lightweight-Stream-API,1154,392
mmin18/RealtimeBlurView,1154,0
xiepeijie/SwipeCardView,1153,0
qos-ch/logback,1153,700
Pkmmte/CircularImageView,1153,0
tananaev/traccar,1152,3910
stuxuhai/jpinyin,1152,0
BakerJQ/Android-InfiniteCards,1150,0
ivan-vasilev/neuralnetworks,1150,0
jingle1267/android-utils,1149,13
Jude95/SwipeBackHelper,1149,0
google/santa-tracker-android,1149,0
kairosdb/kairosdb,1148,270
dongjunkun/CouponView,1148,0
jOOQ/jOOL,1146,355
rosenpin/FadingTextView,1146,87
galenframework/galen,1146,385
KeepSafe/ReLinker,1145,68
apache/incubator-gobblin,1145,6595
gelitenight/WaveView,1145,0
chinashiyu/gfw.press,1145,0
SundeepK/CompactCalendarView,1144,11
omkarmoghe/Pokemap,1144,631
survivingwithandroid/Surviving-with-android,1142,0
GDG-Korea/PinterestLikeAdapterView,1141,97
elastic/elasticsearch-hadoop,1140,1772
java8/Java8InAction,1139,0
sleekbyte/tailor,1138,956
reactor/reactor-core,1138,2929
Arello-Mobile/Moxy,1138,0
jberkel/sms-backup-plus,1138,529
waynell/VideoListPlayer,1137,0
k0shk0sh/PermissionHelper,1136,0
zserge/anvil,1136,172
kymjs/RxVolley,1135,0
asyl/ArcAnimator,1135,0
liferay/liferay-portal,1134,0
dmytrodanylyk/shadow-layout,1133,0
android-notes/Cockroach,1132,0
saulmm/Avengers,1132,0
tough1985/RxjavaRetrofitDemo,1131,0
wangjiegulu/WheelView,1131,0
jasonpolites/gesture-imageview,1131,0
ogaclejapan/ArcLayout,1130,0
thymeleaf/thymeleaf,1129,0
FolioReader/FolioReader-Android,1128,142
shekhargulati/java8-the-missing-tutorial,1128,0
janishar/PlaceHolderView,1126,0
dlazaro66/QRCodeReaderView,1124,38
bravoborja/ReadMoreTextView,1124,45
wrapp-archive/floatlabelededittext,1121,0
google/volley,1121,141
team-supercharge/ShimmerLayout,1120,22
sarxos/webcam-capture,1119,604
greenrobot/essentials,1119,101
JeroenMols/LandscapeVideoCamera,1119,152
vivian8725118/TimeLine,1119,0
jokermonn/permissions4m,1119,174
harjot-oberai/VectorMaster,1118,0
Piasy/RxAndroidAudio,1117,33
siriscac/RippleView,1117,0
DxTT/coolMenu,1117,0
apache/geode,1116,5681
jdeferred/jdeferred,1116,155
scottyab/secure-preferences,1116,0
microg/android_packages_apps_GmsCore,1114,225
6thsolution/EasyMVP,1114,171
uber/okbuck,1114,2119
eclipse/openj9,1114,2929
WuXiaolong/PullLoadMoreRecyclerView,1110,0
hoang8f/android-flat-button,1110,0
john990/WaveView,1108,0
shekhargulati/strman-java,1108,86
mybatis/spring,1106,433
f2prateek/dart,1105,534
commonsguy/cwac-camera,1105,0
razerdp/BasePopup,1104,0
googlemaps/android-samples,1103,0
bin456789/Unblock163MusicClient-Xposed,1102,94
TheAlgorithms/Java,1101,0
biezhi/wechat-bot-api,1101,0
Jasonette/JASONETTE-Android,1100,0
peter-lawrey/Java-Chronicle,1100,0
SplashCodes/JAViewer,1100,0
Ramotion/circle-menu-android,1100,0
todotxt/todo.txt-android,1098,0
JonathanLink/PDFLayoutTextStripper,1097,0
crossbario/autobahn-java,1097,365
glomadrian/RoadRunner,1096,26
delight-im/Android-AdvancedWebView,1096,0
nuptboyzhb/SuperSwipeRefreshLayout,1096,0
DingMouRen/PaletteImageView,1095,0
pedrovgs/Renderers,1094,296
thingsboard/thingsboard,1094,1075
wiztools/rest-client,1091,0
mattprecious/telescope,1089,235
pac4j/pac4j,1089,2189
Rogero0o/GifLoadingView,1087,0
rohitghatol/spring-boot-microservices,1087,0
jrvansuita/MaterialAbout,1087,0
bitcoin-wallet/bitcoin-wallet,1086,22
githubwing/DragPhotoView,1080,0
googlesamples/android-RuntimePermissions,1078,0
evollu/react-native-fcm,1078,0
VoltDB/voltdb,1075,0
pinterest/secor,1073,619
mrmans0n/smart-location-lib,1073,254
Grover-c13/PokeGOAPI-Java,1072,1474
DreaminginCodeZH/MaterialRatingBar,1072,0
andpor/react-native-sqlite-storage,1072,0
aistrate/AlgorithmsSedgewick,1071,0
TakWolf/CNode-Material-Design,1071,138
rapidoid/rapidoid,1070,184
jonfinerty/Once,1070,61
killme2008/Metamorphosis,1069,0
hongyangAndroid/Android-StickyNavLayout,1067,0
sdsmdg/RotatingText,1067,0
coobird/thumbnailator,1067,0
splitwise/TokenAutoComplete,1066,0
lopspower/CircularImageView,1066,0
puniverse/capsule,1065,514
iiordanov/remote-desktop-clients,1065,0
elemers/HermesEventBus,1065,0
chengdazhi/StyleImageView,1064,0
Raysmond/SpringBlog,1063,0
google/android-ui-toolkit-demos,1061,0
afollestad/easy-video-player,1060,121
todoroo/astrid,1059,0
chiuki/advanced-textview,1056,0
davidschreiber/FancyCoverFlow,1055,0
opentripplanner/OpenTripPlanner,1054,601
unclebob/fitnesse,1054,0
twitter/elephant-bird,1054,538
Automattic/simplenote-android,1052,156
guardianproject/ChatSecureAndroid,1050,0
udacity/ud851-Sunshine,1050,0
SpinyTech/ModularizationArchitecture,1047,0
antonkrasov/AndroidSocialNetworks,1047,0
spring-projects/spring-data-jpa,1047,1341
wangjiegulu/RapidFloatingActionButton,1046,0
functionaljava/functionaljava,1045,450
ankidroid/Anki-Android,1043,3921
sirthias/parboiled,1043,0
cachapa/ExpandableLayout,1039,0
mrwonderman/android-square-progressbar,1039,0
brave/link-bubble,1038,0
FreeTymeKiyan/LeetCode-Sol-Res,1037,0
liyiorg/weixin-popular,1037,0
guolindev/booksource,1037,0
developer-shivam/Crescento,1036,0
desmond1121/Android-Ptr-Comparison,1036,0
florent37/ArcLayout,1036,0
JorgeCastilloPrz/FABProgressCircle,1036,38
Devlight/ArcProgressStackView,1035,0
laobie/NineGridImageView,1035,0
asLody/legend,1034,0
spring-projects/spring-data-elasticsearch,1034,0
hitherejoe/Bourbon,1034,23
saiwu-bigkoo/Android-AlertView,1033,0
richardwilly98/elasticsearch-river-mongodb,1033,0
Trinea/android-demo,1033,0
JanusGraph/janusgraph,1033,1330
sephiroth74/Material-BottomNavigation,1032,163
alibaba/mdrill,1031,0
lucasr/smoothie,1031,0
devunwired/recyclerview-playground,1031,0
searchbox-io/Jest,1030,963
Tibolte/AgendaCalendarView,1030,0
joel-costigliola/assertj-core,1029,1318
a371166028/likequanmintv,1029,0
D-clock/AndroidSystemUiTraining,1028,0
badoualy/morphy-toolbar,1028,0
hierynomus/sshj,1027,426
cn-ljb/rxjava_for_android,1025,0
glomadrian/material-animated-switch,1024,0
JSQLParser/JSqlParser,1024,505
jiang111/IndexRecyclerView,1022,0
TommyLemon/APIJSON,1022,0
matrixxun/MaterialBadgeTextView,1021,0
xiaoyaoyou1212/XSnow,1020,0
Kelin-Hong/MVVMLight,1020,0
purplecabbage/phonegap-plugins,1018,0
wooplr/Spotlight,1018,0
sk89q/WorldEdit,1018,1825
HotBitmapGG/CreditSesameRingView,1017,0
BroadleafCommerce/BroadleafCommerce,1016,0
tumblr/Graywater,1016,0
kymjs/EmojiChat,1013,0
jiang111/RxJavaApp,1011,0
romannurik/Android-MonthCalendarWidget,1011,0
venshine/BezierMaker,1011,0
lsjwzh/MaterialLoadingProgressBar,1010,0
noties/Scrollable,1010,0
jkwiecien/EasyImage,1009,0
a-voyager/BluetoothHelper,1009,0
iMeiji/Toutiao,1009,83
danylovolokh/LondonEyeLayoutManager,1009,0
THEONE10211024/RxJavaSamples,1006,0
citerus/dddsample-core,1006,83
sd6352051/NiftyNotification,1005,17
simpligility/android-maven-plugin,1005,1253
HackPlan/AndroidCharts,1004,0
ether/pad,1003,0
